Subject,t1_ph,t2_ph,label_ph,t1_wd,t2_wd,label_wd,t1_st,t2_st,label_st,seg_type,t1_ax,t2_ax,final,num_syls,gesture_syl,is_onset,closed_syl
Mustafa (L),3.321820112,3.369066056,l,3.217485322,3.424575945,تىلى,2.8187,7.8175,ئۇيغۇر تىلى گۈزەل ??? بىر تىل ناھايىتى مول باي بىر تىل,consonant,3.367,3.401,1,2,2,1,0
Mustafa (L),3.732642501,3.822814437,y,3.697202274,4.063009402,گۈزەل,2.8187,7.8175,ئۇيغۇر تىلى گۈزەل ??? بىر تىل ناھايىتى مول باي بىر تىل,vowel,3.734,3.767,0,2,1,0,0
Mustafa (L),5.3987,5.497589715,o,5.2387,5.7487,مول,2.8187,7.8175,ئۇيغۇر تىلى گۈزەل ??? بىر تىل ناھايىتى مول باي بىر تىل,vowel,5.4,5.434,1,1,1,0,1
Mustafa (L),7.0587,7.1587,a,7.0087,7.252988252,باي,2.8187,7.8175,ئۇيغۇر تىلى گۈزەل ??? بىر تىل ناھايىتى مول باي بىر تىل,vowel,7.067,7.101,1,1,1,0,1
Mustafa (L),93.752,93.782,r,93.612,93.912,ئازراق,92.39264521,95.82959789,ئەمدى گىرامماتىكىسى بەلكى ئازراق تەس بىر تىل بولىشى مۇمكىن مۇمكىن,consonant,93.767,93.8,1,2,1,1,1
Mustafa (L),100.3353,100.5713074,ŋ,99.9653,100.5713074,قاراڭ,99.58587283,104.7452884,لېكىن قاراڭ سىز ئۆيدىن چىقتىڭىز ما ھازىر مانا شۇ رەسمىي ئۆزىڭىزنىڭ ئانا تىلىدەك سۆزلەيسىزدە,consonant,100.534,100.567,1,2,2,0,1
Mustafa (L),100.8953,100.9453,d,100.8353,101.0853,ئۆيدىن,99.58587283,104.7452884,لېكىن قاراڭ سىز ئۆيدىن چىقتىڭىز ما ھازىر مانا شۇ رەسمىي ئۆزىڭىزنىڭ ئانا تىلىدەك سۆزلەيسىزدە,consonant,100.934,100.967,1,2,2,1,1
Mustafa (L),101.7253,101.8153,a,101.6853,101.9553,ھازىر ,99.58587283,104.7452884,لېكىن قاراڭ سىز ئۆيدىن چىقتىڭىز ما ھازىر مانا شۇ رەسمىي ئۆزىڭىزنىڭ ئانا تىلىدەك سۆزلەيسىزدە,vowel,101.734,101.767,0,2,1,0,0
Mustafa (L),102.3553,102.3953,r,102.3553,102.7453,رەسمىي,99.58587283,104.7452884,لېكىن قاراڭ سىز ئۆيدىن چىقتىڭىز ما ھازىر مانا شۇ رەسمىي ئۆزىڭىزنىڭ ئانا تىلىدەك سۆزلەيسىزدە,consonant,102.367,102.4,0,2,1,1,1
Mustafa (L),102.4753,102.6553,s,102.3553,102.7453,رەسمىي,99.58587283,104.7452884,لېكىن قاراڭ سىز ئۆيدىن چىقتىڭىز ما ھازىر مانا شۇ رەسمىي ئۆزىڭىزنىڭ ئانا تىلىدەك سۆزلەيسىزدە,consonant,102.634,102.667,0,2,1,0,1
Mustafa (L),103.1353,103.2053,z,103.0553,103.4653,ئۆزىڭىزنىڭ,99.58587283,104.7452884,لېكىن قاراڭ سىز ئۆيدىن چىقتىڭىز ما ھازىر مانا شۇ رەسمىي ئۆزىڭىزنىڭ ئانا تىلىدەك سۆزلەيسىزدە,consonant,103.167,103.201,0,4,2,1,1
Mustafa (L),106.2159,106.2859,i,106.1859,106.9259,تىرىشسىلا,105.3258037,109.9621,ئەگەر ئادەم دېمەك تىرىشسىلا ئەمدى ئەلۋەتتە ئۇنىڭغىمۇ تىل دېگەنگە بىر تالانت كېتىدۇ,vowel,106.266,106.3,0,4,1,0,0
Mustafa (L),107.7859,107.8159,w,107.6659,107.9859,ئەلۋەتتە,105.3258037,109.9621,ئەگەر ئادەم دېمەك تىرىشسىلا ئەمدى ئەلۋەتتە ئۇنىڭغىمۇ تىل دېگەنگە بىر تالانت كېتىدۇ,consonant,107.8,107.833,0,3,2,1,1
Mustafa (L),108.2959,108.3759,t,108.2959,108.4459,تىل,105.3258037,109.9621,ئەگەر ئادەم دېمەك تىرىشسىلا ئەمدى ئەلۋەتتە ئۇنىڭغىمۇ تىل دېگەنگە بىر تالانت كېتىدۇ,consonant,108.3,108.333,1,1,1,1,1
Mustafa (L),110.9721,111.0021,i,110.9121,111.0721,بىر,110.1321,113.0721901,ئۇ تالانتمۇ مۇھىم بىر نەرسە ئاندىن تىرىشچانلىقمۇ بەك مۇھىم,vowel,111,111.033,1,1,1,0,1
Mustafa (L),111.7921,112.0521,,111.7921,112.0521,,110.1321,113.0721901,ئۇ تالانتمۇ مۇھىم بىر نەرسە ئاندىن تىرىشچانلىقمۇ بەك مۇھىم,consonant,112.033,112.066,,,,,
Mustafa (L),113.0721,117.053,,113.0721,117.053,,110.1321,113.0721901,ئۇ تالانتمۇ مۇھىم بىر نەرسە ئاندىن تىرىشچانلىقمۇ بەك مۇھىم,consonant,116.566,116.6,,,,,
Mustafa (L),113.0721,117.053,,113.0721,117.053,,110.1321,113.0721901,ئۇ تالانتمۇ مۇھىم بىر نەرسە ئاندىن تىرىشچانلىقمۇ بەك مۇھىم,consonant,116.733,116.766,,,,,
Mustafa (L),113.0721,117.053,,113.0721,117.053,,110.1321,113.0721901,ئۇ تالانتمۇ مۇھىم بىر نەرسە ئاندىن تىرىشچانلىقمۇ بەك مۇھىم,consonant,117,117.033,,,,,
Mustafa (L),117.053,117.193,t͡ʃ,117.053,117.413,چوقۇم,117.053,118.7030465,چوقۇم ئۆگىنىمەنغۇ دەپ ھە,consonant,117.166,117.2,0,2,1,1,0
Mustafa (L),117.353,117.413,m,117.053,117.413,چوقۇم,117.053,118.7030465,چوقۇم ئۆگىنىمەنغۇ دەپ ھە,consonant,117.366,117.4,1,2,2,0,1
Mustafa (L),117.6253741,117.793,ø,117.6253741,118.322488,ئۆگىنىمەنغۇ,117.053,118.7030465,چوقۇم ئۆگىنىمەنغۇ دەپ ھە,vowel,117.666,117.7,0,5,1,0,0
Mustafa (L),117.823,117.853,i,117.6253741,118.322488,ئۆگىنىمەنغۇ,117.053,118.7030465,چوقۇم ئۆگىنىمەنغۇ دەپ ھە,vowel,117.833,117.866,0,5,3,0,0
Mustafa (L),117.953,118.043,ɛ,117.6253741,118.322488,ئۆگىنىمەنغۇ,117.053,118.7030465,چوقۇم ئۆگىنىمەنغۇ دەپ ھە,consonant,117.966,118,0,5,4,0,1
Mustafa (L),127.4448,127.4748,m,127.0605562,127.4748,ئالىم,126.4048,128.3002,ئوقۇغۇچى ئالىم بولار,consonant,127.466,127.5,1,2,2,0,1
Mustafa (L),135.6425,135.8225,s,135.4225,135.9055,كەلسۇن,134.9925,135.9055,چوڭدىن كەلسۇن,consonant,135.666,135.7,1,2,2,1,1
Mustafa (L),182.0475,190.999,,182.0475,190.999,,182.0475,189.5580787,,consonant,189.8,189.833,,,,,
Mustafa (L),191.239,191.269,i,190.999,191.269,دۇنيادىكى,190.9984257,192.9805495,دۇنيادىكى ئەڭ داڭلىق ئۇنىۋېرسىتېتنىڭ بىرسى دەڭە بۇ,vowel,191.266,191.3,,,,,
Elise (C),12.1586,12.22282811,n,11.8986,12.63273223,ئۆگەنسە,10.6086,14.6849,شۇ مەن دەيمەن ئۇيغۇر تىلىنى ئۆگەنسە باشقا تىللارغىمۇ يول ئېچىلىدۇ,consonant,12.166,12.2,0,3,2,,
Elise (C),13.4086,13.45268137,t,13.4086,13.8086,تىللارغىمۇ,10.6086,14.6849,شۇ مەن دەيمەن ئۇيغۇر تىلىنى ئۆگەنسە باشقا تىللارغىمۇ يول ئېچىلىدۇ,consonant,13.433,13.466,0,4,1,,
Elise (C),15.9466,16.0066,i,15.33662116,16.3666,ئۆزبېكچىنىمۇ,14.9866,17.46276827,مەسىلەن ئۆزبېكچىنىمۇ چۈشىنىش ئاسان,vowel,15.966,16,0,5,4,,
Elise (C),17.9597,18.0697,a,17.7097,18.17899698,قازاق,17.7097,18.89290416,قازاق قىرغىز,vowel,18,18.033,1,2,2,,
Elise (C),18.43446872,18.5283773,r,18.17899698,18.89260217,قىرغىز,17.7097,18.89290416,قازاق قىرغىز,consonant,18.5,18.566,0,2,1,,
Elise (C),19.6939,19.7639,m,19.34507325,20.11956662,تۈركمەن,19.3439,20.82385563,تۈركمەن تۈرك,consonant,19.733,19.766,1,2,1,,
Elise (C),20.3139,20.49814726,y,20.11956662,20.82430287,تۈرك,19.3439,20.82385563,تۈركمەن تۈرك,vowel,20.4,20.433,1,1,1,,
Elise (C),21.3984,21.44142893,p,21.3984,21.7584,پىرسەنت,21.0884,24.5922,ئەمدى يۈز پىرسەنت چۈشەنمىسىمۇ لېكىن چۈشىنەلەيدۇ,consonant,21.4,21.433,0,2,1,,
Elise (C),21.8284,21.8984,ʃ,21.7584,22.5384,چۈشەنمىسىمۇ,21.0884,24.5922,ئەمدى يۈز پىرسەنت چۈشەنمىسىمۇ لېكىن چۈشىنەلەيدۇ,consonant,21.833,21.866,0,5,,,
Elise (C),23.5084,23.6284,n,23.2684,23.6284,لېكىن,21.0884,24.5922,ئەمدى يۈز پىرسەنت چۈشەنمىسىمۇ لېكىن چۈشىنەلەيدۇ,consonant,23.6,23.633,1,2,,,
Elise (C),42.6258,42.6658,l,42.2958,43.1058,چۈشىنەلەيسىز,41.7458,44.40610167,ھەئە چۈشىنەلەيسىز يەنى قازاقچىنى چۈشىنەلەيسىز,consonant,42.633,42.666,0,5,,,
Elise (C),43.4958,43.5758,z,43.3858,43.8458,قازاقچىنى,41.7458,44.40610167,ھەئە چۈشىنەلەيسىز يەنى قازاقچىنى چۈشىنەلەيسىز,consonant,43.5,43.533,0,3,,,
Elise (C),43.7558,43.7858,i,43.3858,43.8458,قازاقچىنى,41.7458,44.40610167,ھەئە چۈشىنەلەيسىز يەنى قازاقچىنى چۈشىنەلەيسىز,vowel,43.766,43.8,1,3,,,
Elise (C),50.0329,50.1029,t,49.7129,50.30499244,قازاقىستانغا,49.3929,53.0937,شۇ قازاقىستانغا بارغاندا ئۇلار سىزگە رۇسچە سۆزلىدىمۇ,consonant,50.066,50.1,0,5,,,
Elise (C),51.41853628,51.90408789,,51.41853628,51.90408789,???,49.3929,53.0937,شۇ قازاقىستانغا بارغاندا ئۇلار سىزگە رۇسچە سۆزلىدىمۇ,consonant,51.666,51.7,,,,,
Elise (C),52.4829,52.5329,t͡ʃ,52.3429,52.5829,رۇسچە,49.3929,53.0937,شۇ قازاقىستانغا بارغاندا ئۇلار سىزگە رۇسچە سۆزلىدىمۇ,consonant,52.5,52.533,1,2,,,
Elise (C),53.0937,60.3035,,53.0937,60.3035,,53.0937,54.0875,,consonant,59.166,59.2,,,,,
Elise (C),61.14460213,61.2435,a,61.14460213,62.06608057,ئامېرىكىلىق,60.3035,64.6401,كېيىن سىز مەن ئامېرىكىلىق دەپ ئۇيغۇرچە سۆزلىسىڭىز ئۇلار ھەيران قالغاندۇ,vowel,61.233,61.266,0,5,,,
Elise (C),62.4035,62.4835,j,62.3735,62.6635,ئۇيغۇرچە,60.3035,64.6401,كېيىن سىز مەن ئامېرىكىلىق دەپ ئۇيغۇرچە سۆزلىسىڭىز ئۇلار ھەيران قالغاندۇ,consonant,62.466,62.5,0,3,,,
Elise (C),63.3935,63.5135,ɛ,63.3335,63.7035,ھەيران,60.3035,64.6401,كېيىن سىز مەن ئامېرىكىلىق دەپ ئۇيغۇرچە سۆزلىسىڭىز ئۇلار ھەيران قالغاندۇ,consonant,63.466,63.5,1,2,,,
Elise (C),121.567,121.687,i,121.107,121.747,ئوقۇتقۇچىمۇ,120.477,121.7473571,ھەم زالىم ئوقۇتقۇچىمۇ,vowel,121.666,121.7,0,5,,,
Elise (C),125.1211,125.4411,a,125.0911,125.5811,زالىم,125.0911,126.4048,زالىم بولسا,vowel,125.333,125.366,0,2,,,
Elise (C),125.5511,125.5811,m,125.0911,125.5811,زالىم,125.0911,126.4048,زالىم بولسا,consonant,125.566,125.6,1,2,,,
Elise (C),129.1251,129.2051,t,128.9751,129.5251,ئوقۇتقۇچىمۇ,128.4325653,131.1867,زالىم ئوقۇتقۇچىمۇ لازىم ھە شۇنى ئۇنتۇپ قالماڭلار,consonant,129.2,129.233,0,5,,,
Elise (C),129.3951,129.4451,m,128.9751,129.5251,ئوقۇتقۇچىمۇ,128.4325653,131.1867,زالىم ئوقۇتقۇچىمۇ لازىم ھە شۇنى ئۇنتۇپ قالماڭلار,consonant,129.4,129.433,1,5,,,
Elise (C),129.5551,129.7151,a,129.5251,129.9351,لازىم,128.4325653,131.1867,زالىم ئوقۇتقۇچىمۇ لازىم ھە شۇنى ئۇنتۇپ قالماڭلار,vowel,129.6,129.633,0,2,,,
Elise (C),151.0936,151.1336,r,151.0236,151.5836,پۇرسەتلىرى,149.9052647,153.0836,شۇنداق بىر پۇرسەتلىرى بار مەكتەپلەر بار,consonant,151.133,151.166,0,4,,,
Elise (C),151.2736,151.4036,t,151.0236,151.5836,پۇرسەتلىرى,149.9052647,153.0836,شۇنداق بىر پۇرسەتلىرى بار مەكتەپلەر بار,consonant,151.366,151.4,0,4,,,
Elise (C),152.5836,152.7036,r,152.0136,152.7036,مەكتەپلەر,149.9052647,153.0836,شۇنداق بىر پۇرسەتلىرى بار مەكتەپلەر بار,consonant,152.6,152.633,1,3,,,
Elise (C),155.6435,155.7235,ɛ,155.1735,155.9035,مەكتەپلەر,153.5630226,157.5035,ئەمدى قىرغىزىستاندا بولسا مەكتەپلەر بولمىسىمۇ ئاتا-ئانىلار,consonant,155.7,155.733,,,,,
Elise (C),156.0935,156.2035,o,155.9835,156.6735,بولمىسىمۇ,153.5630226,157.5035,ئەمدى قىرغىزىستاندا بولسا مەكتەپلەر بولمىسىمۇ ئاتا-ئانىلار,vowel,156.1,156.133,0,4,,,
Elise (C),157.0935,157.1935,l,156.6735,157.5035,ئاتا-ئانىلار,153.5630226,157.5035,ئەمدى قىرغىزىستاندا بولسا مەكتەپلەر بولمىسىمۇ ئاتا-ئانىلار,consonant,157.1,157.133,1,5,,,
Elise (C),157.8814,157.9414,u,157.7714,157.9414,شۇ,157.5035,157.7717005,,vowel,157.9,157.933,1,1,,,
Elise (C),159.7521,159.8221,j,159.6640168,160.0821,ئۇيغۇرچە,159.1115516,162.7021,شۇ ئۇيغۇرچە گەپ قىلسۇن بالىلارغا ئۆزبېكىستاندىمۇ شۇ,consonant,159.766,159.8,0,3,,,
Elise (C),163.5002,163.6302,k,163.3602,163.6302,بەك,163.1503309,167.3302,بۇ بەك مۇھىم ما بىزمۇ مەن ئۆزەمنى بايا مىسال قىلىپ ئېيتىپ بەردىمغۇ ئۆيدە,consonant,163.6,163.633,1,1,,,
Elise (C),164.2302,164.3602,b,164.2302,164.6302,بىزمۇ,163.1503309,167.3302,بۇ بەك مۇھىم ما بىزمۇ مەن ئۆزەمنى بايا مىسال قىلىپ ئېيتىپ بەردىمغۇ ئۆيدە,consonant,164.333,164.366,0,2,,,
Elise (C),165.5102,165.6102,s,165.3902,165.7402,مىسال,163.1503309,167.3302,بۇ بەك مۇھىم ما بىزمۇ مەن ئۆزەمنى بايا مىسال قىلىپ ئېيتىپ بەردىمغۇ ئۆيدە,consonant,165.566,165.6,1,2,,,
Elise (C),166.1202,166.2002,e,166.1202,166.3702,ئېيتىپ,163.1503309,167.3302,بۇ بەك مۇھىم ما بىزمۇ مەن ئۆزەمنى بايا مىسال قىلىپ ئېيتىپ بەردىمغۇ ئۆيدە,vowel,166.133,166.166,0,2,,,
Elise (C),168.5533,168.6633,p,168.5533,168.9933,پەقەت,167.6135222,170.2233,ئاتا-ئانىمىز بىزنى پەقەت ئۇيغۇرچە سۆزلەتكۈزەتتى,consonant,168.633,168.666,0,2,,,
Elise (C),171.27,171.4,z,171.2,171.4,بىز,170.8895737,175.8151836,شۇڭا بىز ھەممىمىز ھەممىمىزنىڭ ئالتە بالا ئۆيدە ھەممىمىزنىڭ ئۇيغۇرچىسى ياخشى,consonant,171.366,171.4,1,1,,,
Elise (C),171.76,171.87,m,171.4,172.1,ھەممىمىز,170.8895737,175.8151836,شۇڭا بىز ھەممىمىز ھەممىمىزنىڭ ئالتە بالا ئۆيدە ھەممىمىزنىڭ ئۇيغۇرچىسى ياخشى,consonant,171.766,171.8,,,,,
Elise (C),172.1,172.16,,172.1,172.16,,170.8895737,175.8151836,شۇڭا بىز ھەممىمىز ھەممىمىزنىڭ ئالتە بالا ئۆيدە ھەممىمىزنىڭ ئۇيغۇرچىسى ياخشى,consonant,172.133,172.166,,,,,
Elise (C),172.46,172.54,i,172.16,172.9,ھەممىمىزنىڭ,170.8895737,175.8151836,شۇڭا بىز ھەممىمىز ھەممىمىزنىڭ ئالتە بالا ئۆيدە ھەممىمىزنىڭ ئۇيغۇرچىسى ياخشى,vowel,172.533,172.566,,,,,
Elise (C),172.9,173.03,a,172.9,173.2,ئالتە,170.8895737,175.8151836,شۇڭا بىز ھەممىمىز ھەممىمىزنىڭ ئالتە بالا ئۆيدە ھەممىمىزنىڭ ئۇيغۇرچىسى ياخشى,vowel,172.933,172.966,0,2,,,
Elise (C),174.55,174.6,i,174.25,174.78,ھەممىمىزنىڭ,170.8895737,175.8151836,شۇڭا بىز ھەممىمىز ھەممىمىزنىڭ ئالتە بالا ئۆيدە ھەممىمىزنىڭ ئۇيغۇرچىسى ياخشى,vowel,174.566,174.6,,,,,
Elise (C),176.6421,176.7021,ɛ,176.5221,177.1121,كەلگۈسىدە,176.3227131,177.8221,مانا كەلگۈسىدە ئەسقاتتى,consonant,176.7,176.733,,,,,
Elise (C),180.04,180.11,ʁ,179.96,180.5,ئۇيغۇرچە,178.3196669,184.3241313,كۆپلىرى ماڭا دېگەنتى مەن ئاشۇ ئۇيغۇرچە شۇ ئاسپىرانتورغا كىرىپ ھە شۇ دىسسېرتاتسىيىسى,consonant,180.066,180.1,0,3,,,
Elise (C),181.08,181.14,p,180.93,181.69,ئاسپىرانتورغا,178.3196669,184.3241313,كۆپلىرى ماڭا دېگەنتى مەن ئاشۇ ئۇيغۇرچە شۇ ئاسپىرانتورغا كىرىپ ھە شۇ دىسسېرتاتسىيىسى,consonant,181.133,181.166,0,5,,,
Elise (C),182.5093097,182.91,ɛ,182.4660466,182.91,ھە,178.3196669,184.3241313,كۆپلىرى ماڭا دېگەنتى مەن ئاشۇ ئۇيغۇرچە شۇ ئاسپىرانتورغا كىرىپ ھە شۇ دىسسېرتاتسىيىسى,consonant,182.666,182.7,1,1,,,
Elise (C),183.29,183.34,i,183.11,184.3241313,دىسسېرتاتسىيىسى,178.3196669,184.3241313,كۆپلىرى ماڭا دېگەنتى مەن ئاشۇ ئۇيغۇرچە شۇ ئاسپىرانتورغا كىرىپ ھە شۇ دىسسېرتاتسىيىسى,vowel,183.3,183.333,,,,,
Elise (C),185.3416,185.4416,q,185.3416,185.7516,قىلغاندا,184.7722137,188.3416,مۇشۇنداق ئىشلارنى قىلغاندا ئۇيغۇرچىنى ئوقۇپ نەگە باراتتى بۇ قىز دەيتىٜ,consonant,185.4,185.433,0,3,,,
Elise (C),186.7616,186.9216,ɛ,186.6916,187.0216,نەگە,184.7722137,188.3416,مۇشۇنداق ئىشلارنى قىلغاندا ئۇيغۇرچىنى ئوقۇپ نەگە باراتتى بۇ قىز دەيتىٜ,consonant,186.866,186.9,,,,,
Elise (C),188.7221,188.7921,k,188.6321,188.8621,لېكىن,188.3416,188.6323812,,consonant,188.766,188.8,1,2,,,
Elise (C),189.1421,189.2221,m,189.0721,189.5421,ئامېرىكىغا,188.6323812,190.9227153,لېكىن مانا ئامېرىكىغا كېلىپ دەرس ئۆتىۋاتىمەن مانا,consonant,189.166,189.2,0,5,,,
Elise (C),189.6821,189.7421,p,189.5421,189.7421,كېلىپ,188.6323812,190.9227153,لېكىن مانا ئامېرىكىغا كېلىپ دەرس ئۆتىۋاتىمەن مانا,consonant,189.733,189.766,1,2,,,
Elise (C),192.5386,192.6386,ʃ,192.4486,192.9086,پىشانىغا,192.1865,192.449031,,consonant,192.566,192.6,0,4,,,
Elise (C),192.8686,192.9086,a,192.4486,192.9086,پىشانىغا,192.1865,192.449031,,vowel,192.9,192.933,,,,,
Elise (C),194.9314,195.0014,p,194.7314,195.0014,ئوقۇپ,194.3708317,198.7214,ئاشۇنداق ئوقۇپ قويساڭلار بىر كۈنى ئەمەس بىر كۈنى شۇ پايدىسى تېگىپ قالىدۇ,consonant,194.933,194.966,1,2,,,
Elise (C),196.1714,196.2514,k,196.1714,196.3614,كۈنى,194.3708317,198.7214,ئاشۇنداق ئوقۇپ قويساڭلار بىر كۈنى ئەمەس بىر كۈنى شۇ پايدىسى تېگىپ قالىدۇ,consonant,196.2,196.233,0,2,,,
Elise (C),196.7214,196.8114,k,196.7214,196.9014,كۈنى,194.3708317,198.7214,ئاشۇنداق ئوقۇپ قويساڭلار بىر كۈنى ئەمەس بىر كۈنى شۇ پايدىسى تېگىپ قالىدۇ,consonant,196.733,196.766,0,2,,,
Elise (C),197.0114,197.1722312,u,196.9014,197.1722312,شۇ,194.3708317,198.7214,ئاشۇنداق ئوقۇپ قويساڭلار بىر كۈنى ئەمەس بىر كۈنى شۇ پايدىسى تېگىپ قالىدۇ,vowel,197.166,197.2,1,1,,,
Elise (C),199.1321,199.2421,z,199.0321,199.2421,بىز,199.0317335,202.0621,بىز بىلمەيمىز كەلگۈسىدە مەسىلەن سىلەر,consonant,199.2,199.233,1,1,,,
Elise (C),200.2121,200.2921,ɛ,200.1221,200.9421,كەلگۈسىدە,199.0317335,202.0621,بىز بىلمەيمىز كەلگۈسىدە مەسىلەن سىلەر,consonant,200.233,200.266,,,,,
Elise (C),200.6621,200.9421,ɛ,200.1221,200.9421,كەلگۈسىدە,199.0317335,202.0621,بىز بىلمەيمىز كەلگۈسىدە مەسىلەن سىلەر,consonant,200.666,200.7,,,,,
Elise (C),201.4321,201.4721,l,201.1921,201.5821,مەسىلەن,199.0317335,202.0621,بىز بىلمەيمىز كەلگۈسىدە مەسىلەن سىلەر,consonant,201.433,201.466,1,3,,,
Elise (C),201.9121,202.0621,r,201.5821,202.0621,سىلەر,199.0317335,202.0621,بىز بىلمەيمىز كەلگۈسىدە مەسىلەن سىلەر,consonant,201.966,202,1,2,,,
Elise (C),202.3643,202.5543,b,202.3643,202.7443,بىزنىڭ,202.0621,202.3649543,,consonant,202.5,202.533,0,2,,,
Elise (C),202.8543,202.9043,ɛ,202.7443,203.2643,تەغدىرىمىز,202.3649543,208.549,بىزنىڭ تەغدىرىمىز قانداق بولار بەلكىم خۇدايىم بۇيرۇسا ۋەتەن ئازاد بولاپ مۇتەخەسىسلەر كېرەك بوپ قالار شۇنداقمۇ,consonant,202.866,202.9,0,4,,,
Elise (C),203.1543,203.2043,i,202.7443,203.2643,تەغدىرىمىز,202.3649543,208.549,بىزنىڭ تەغدىرىمىز قانداق بولار بەلكىم خۇدايىم بۇيرۇسا ۋەتەن ئازاد بولاپ مۇتەخەسىسلەر كېرەك بوپ قالار شۇنداقمۇ,vowel,203.166,203.2,,,,,
Elise (C),204.3443,204.4143,k,204.1743,204.5143,بەلكىم,202.3649543,208.549,بىزنىڭ تەغدىرىمىز قانداق بولار بەلكىم خۇدايىم بۇيرۇسا ۋەتەن ئازاد بولاپ مۇتەخەسىسلەر كېرەك بوپ قالار شۇنداقمۇ,consonant,204.4,204.433,1,2,,,
Elise (C),204.7543,204.7843,i,204.5143,204.8143,خۇدايىم,202.3649543,208.549,بىزنىڭ تەغدىرىمىز قانداق بولار بەلكىم خۇدايىم بۇيرۇسا ۋەتەن ئازاد بولاپ مۇتەخەسىسلەر كېرەك بوپ قالار شۇنداقمۇ,vowel,204.766,204.8,1,3,,,
Elise (C),206.8843,206.9643,s,206.3943,207.0543,مۇتەخەسىسلەر,202.3649543,208.549,بىزنىڭ تەغدىرىمىز قانداق بولار بەلكىم خۇدايىم بۇيرۇسا ۋەتەن ئازاد بولاپ مۇتەخەسىسلەر كېرەك بوپ قالار شۇنداقمۇ,consonant,206.933,206.966,,,,,
Elise (C),209.5781,209.6681,b,209.5781,210.0881,باشقۇرۇش,208.9481,210.6681,شۇ ۋەتەننى باشقۇرۇش كېرەك,consonant,209.633,209.666,0,3,,,
Elise (C),211.6937,211.7337,j,211.6337,212.0237,ئۇيغۇرچە,211.1437391,213.1637,ئىشلارنى ئۇيغۇرچە يۈرگۈزۈش كېرەك,consonant,211.7,211.733,0,3,,,
Elise (C),214.0628,214.1728,u,214.0628,214.3728,ئۇنتۇپ,213.48272,215.92825,شۇڭا تىلنى ئۇنتۇپ قالماسلىق كېرەك ئەمدى تىل دېگەن,vowel,214.133,214.166,0,2,,,
Elise (C),216.5464,216.5964,r,216.1864,216.6964,ئۇيغۇرلارنىڭ,216.1862836,218.8748263,ئۇيغۇرلارنىڭ ئەمدى مەدەنىيەتنىڭ مۇھىم بىر پارچىسى,consonant,216.566,216.6,0,4,,,
Elise (C),216.8364,216.8664,d,216.6964,216.8964,ئەمدى,216.1862836,218.8748263,ئۇيغۇرلارنىڭ ئەمدى مەدەنىيەتنىڭ مۇھىم بىر پارچىسى,consonant,216.866,216.9,1,2,,,
Elise (C),217.0664,217.1464,ɛ,216.8964,217.620944,مەدەنىيەتنىڭ,216.1862836,218.8748263,ئۇيغۇرلارنىڭ ئەمدى مەدەنىيەتنىڭ مۇھىم بىر پارچىسى,consonant,217.1,217.133,0,4,,,
Elise (C),217.8164,217.8764,m,217.8164,218.1564,مۇھىم,216.1862836,218.8748263,ئۇيغۇرلارنىڭ ئەمدى مەدەنىيەتنىڭ مۇھىم بىر پارچىسى,consonant,217.833,217.866,,,,,
Elise (C),218.0864,218.1564,m,217.8164,218.1564,مۇھىم,216.1862836,218.8748263,ئۇيغۇرلارنىڭ ئەمدى مەدەنىيەتنىڭ مۇھىم بىر پارچىسى,consonant,218.133,218.166,,,,,
Elise (C),218.3964,218.4264,p,218.3964,218.8764,پارچىسى,216.1862836,218.8748263,ئۇيغۇرلارنىڭ ئەمدى مەدەنىيەتنىڭ مۇھىم بىر پارچىسى,consonant,218.4,218.433,0,3,,,
Elise (C),218.8764,219.6846,,218.8764,219.6846,,218.8748263,219.6846,,consonant,219.666,219.7,,,,,
Elise (C),220.1146,220.1646,i,219.8746,220.5468764,بىلمىسە,219.6846,223.1391,تىل بىلمىسە دېمەك بۇ مەدەنىيەتنى يوقاتتى دېگەن گەپ,vowel,220.133,220.166,0,3,,,
Elise (C),221.4646,221.5246,n,221.2246,221.8945166,مەدەنىيەتنى,219.6846,223.1391,تىل بىلمىسە دېمەك بۇ مەدەنىيەتنى يوقاتتى دېگەن گەپ,consonant,221.466,221.5,0,4,,,
Elise (C),221.8945166,222.1346,,221.8945166,222.1346,,219.6846,223.1391,تىل بىلمىسە دېمەك بۇ مەدەنىيەتنى يوقاتتى دېگەن گەپ,consonant,222,222.033,,,,,
Elise (C),222.2446,222.3446,q,222.1346,222.5646,يوقاتتى,219.6846,223.1391,تىل بىلمىسە دېمەك بۇ مەدەنىيەتنى يوقاتتى دېگەن گەپ,consonant,222.3,222.333,0,3,,,
Elise (C),223.7466,223.8666,t,223.7466,224.0166,تىل,223.5066,231.4567368,ئەگەر تىل بىلمىسە سەن سەن كىم دېسە مەن ئۇيغۇر دەسە ئۇيغۇرچە بىلمىسە ئۇ ئۆزىنى قانداق ئۇيغۇر دەپ ئېيتالايدۇ تىلنى بىلىش كېرەك,consonant,223.766,223.8,1,1,,,
Elise (C),225.2966,225.3566,ɛ,225.1966,225.4666,سەن,223.5066,231.4567368,ئەگەر تىل بىلمىسە سەن سەن كىم دېسە مەن ئۇيغۇر دەسە ئۇيغۇرچە بىلمىسە ئۇ ئۆزىنى قانداق ئۇيغۇر دەپ ئېيتالايدۇ تىلنى بىلىش كېرەك,consonant,225.3,225.333,1,1,,,
Elise (C),226.0466,226.1166,n,225.9466,226.1166,مەن,223.5066,231.4567368,ئەگەر تىل بىلمىسە سەن سەن كىم دېسە مەن ئۇيغۇر دەسە ئۇيغۇرچە بىلمىسە ئۇ ئۆزىنى قانداق ئۇيغۇر دەپ ئېيتالايدۇ تىلنى بىلىش كېرەك,consonant,226.066,226.1,1,1,,,
Elise (C),226.2966,226.3966,ʁ,226.1466,226.4766,ئۇيغۇر,223.5066,231.4567368,ئەگەر تىل بىلمىسە سەن سەن كىم دېسە مەن ئۇيغۇر دەسە ئۇيغۇرچە بىلمىسە ئۇ ئۆزىنى قانداق ئۇيغۇر دەپ ئېيتالايدۇ تىلنى بىلىش كېرەك,consonant,226.333,226.366,1,2,,,
Elise (C),226.6766,226.7466,ɛ,226.4766,226.7466,دەسە,223.5066,231.4567368,ئەگەر تىل بىلمىسە سەن سەن كىم دېسە مەن ئۇيغۇر دەسە ئۇيغۇرچە بىلمىسە ئۇ ئۆزىنى قانداق ئۇيغۇر دەپ ئېيتالايدۇ تىلنى بىلىش كېرەك,consonant,226.7,226.733,,,,,
Elise (C),227.7666,228.0066,,227.7666,228.0066,,223.5066,231.4567368,ئەگەر تىل بىلمىسە سەن سەن كىم دېسە مەن ئۇيغۇر دەسە ئۇيغۇرچە بىلمىسە ئۇ ئۆزىنى قانداق ئۇيغۇر دەپ ئېيتالايدۇ تىلنى بىلىش كېرەك,consonant,227.833,227.866,,,,,
Elise (C),228.1266,228.2166,z,228.0966,228.3066,ئۆزىنى,223.5066,231.4567368,ئەگەر تىل بىلمىسە سەن سەن كىم دېسە مەن ئۇيغۇر دەسە ئۇيغۇرچە بىلمىسە ئۇ ئۆزىنى قانداق ئۇيغۇر دەپ ئېيتالايدۇ تىلنى بىلىش كېرەك,consonant,228.166,228.2,0,3,,,
Elise (C),228.5266,228.5766,a,228.3066,228.6966,قانداق,223.5066,231.4567368,ئەگەر تىل بىلمىسە سەن سەن كىم دېسە مەن ئۇيغۇر دەسە ئۇيغۇرچە بىلمىسە ئۇ ئۆزىنى قانداق ئۇيغۇر دەپ ئېيتالايدۇ تىلنى بىلىش كېرەك,vowel,228.566,228.6,,,,,
Elise (C),229.01726,229.0883351,r,228.6966,229.0883351,ئۇيغۇر,223.5066,231.4567368,ئەگەر تىل بىلمىسە سەن سەن كىم دېسە مەن ئۇيغۇر دەسە ئۇيغۇرچە بىلمىسە ئۇ ئۆزىنى قانداق ئۇيغۇر دەپ ئېيتالايدۇ تىلنى بىلىش كېرەك,consonant,229.033,229.066,1,2,,,
Elise (C),229.0883351,229.4966,,229.0883351,229.4966,,223.5066,231.4567368,ئەگەر تىل بىلمىسە سەن سەن كىم دېسە مەن ئۇيغۇر دەسە ئۇيغۇرچە بىلمىسە ئۇ ئۆزىنى قانداق ئۇيغۇر دەپ ئېيتالايدۇ تىلنى بىلىش كېرەك,consonant,229.366,229.4,0,0,,,
Elise (C),229.5766,229.6766,p,229.4966,229.6766,دەپ,223.5066,231.4567368,ئەگەر تىل بىلمىسە سەن سەن كىم دېسە مەن ئۇيغۇر دەسە ئۇيغۇرچە بىلمىسە ئۇ ئۆزىنى قانداق ئۇيغۇر دەپ ئېيتالايدۇ تىلنى بىلىش كېرەك,consonant,229.633,229.666,1,1,,,
Elise (C),230.5666,230.6466,l,230.3266,230.7166,تىلنى,223.5066,231.4567368,ئەگەر تىل بىلمىسە سەن سەن كىم دېسە مەن ئۇيغۇر دەسە ئۇيغۇرچە بىلمىسە ئۇ ئۆزىنى قانداق ئۇيغۇر دەپ ئېيتالايدۇ تىلنى بىلىش كېرەك,consonant,230.633,230.666,1,2,,,
Elise (C),232.7862,233.0062,ʃ,232.7862,233.0562,شۇ,232.1962,234.0262,ئەڭ مۇھىمى شۇ تىلنى ئۇنتۇماڭلار,consonant,232.833,232.866,1,1,,,
Elise (C),233.1762,233.2862,i,233.0562,233.2862,تىلنى,232.1962,234.0262,ئەڭ مۇھىمى شۇ تىلنى ئۇنتۇماڭلار,vowel,233.2,233.233,,,,,
Elise (C),235.3538,235.6638,,235.3538,235.6638,,234.5634473,239.6338,مۇشۇ ئەتراپتىكى مۇشۇ دوستۇڭلارغىمۇ ئۇيغۇرچە ئۆگىتىڭلار ئۇيغۇرلار توغرىلىق كۆپرەك سۆزلەپ بېرىڭلار,consonant,235.533,235.566,,,,,
Elise (C),237.6838,237.8038,a,237.3738,237.8338,ئۇيغۇرلار,234.5634473,239.6338,مۇشۇ ئەتراپتىكى مۇشۇ دوستۇڭلارغىمۇ ئۇيغۇرچە ئۆگىتىڭلار ئۇيغۇرلار توغرىلىق كۆپرەك سۆزلەپ بېرىڭلار,vowel,237.766,237.8,1,3,,,
Elise (C),238.0838,238.1838,q,237.8338,238.1838,توغرىلىق,234.5634473,239.6338,مۇشۇ ئەتراپتىكى مۇشۇ دوستۇڭلارغىمۇ ئۇيغۇرچە ئۆگىتىڭلار ئۇيغۇرلار توغرىلىق كۆپرەك سۆزلەپ بېرىڭلار,consonant,238.133,238.166,1,3,,,
Elise (C),242.2964,256.658937,,242.2964,256.658937,,242.2962552,255.1675,,consonant,242.733,242.766,,,,,
Gulnisa (R),25.58178891,25.66722433,a,25.4955,26.2455,قازاقىستانغا,24.7555,31.01598022,مەسىلەن مەن قازاقىستانغا بارغاندىچۇ نەگىلا بارسام ئالماتى شەھىرىدە نەگە بارسام ئۇيغۇرچە گەپ قىلىمەن,vowel,25.6,25.633,,,,,
Gulnisa (R),26.6455,26.6955,d,26.2455,26.99540397,بارغاندىچۇ,24.7555,31.01598022,مەسىلەن مەن قازاقىستانغا بارغاندىچۇ نەگىلا بارسام ئالماتى شەھىرىدە نەگە بارسام ئۇيغۇرچە گەپ قىلىمەن,consonant,26.633,26.666,0,4,,,
Gulnisa (R),27.15917652,27.43633666,ɛ,26.99540397,27.5855,نەگىلا,24.7555,31.01598022,مەسىلەن مەن قازاقىستانغا بارغاندىچۇ نەگىلا بارسام ئالماتى شەھىرىدە نەگە بارسام ئۇيغۇرچە گەپ قىلىمەن,consonant,27.166,27.2,0,2,,,
Gulnisa (R),27.8055,27.8655,a,27.5855,27.9155,بارسام,24.7555,31.01598022,مەسىلەن مەن قازاقىستانغا بارغاندىچۇ نەگىلا بارسام ئالماتى شەھىرىدە نەگە بارسام ئۇيغۇرچە گەپ قىلىمەن,vowel,27.8,27.833,,,,,
Gulnisa (R),27.9955,28.1155,l,27.9155,28.4455,ئالماتى,24.7555,31.01598022,مەسىلەن مەن قازاقىستانغا بارغاندىچۇ نەگىلا بارسام ئالماتى شەھىرىدە نەگە بارسام ئۇيغۇرچە گەپ قىلىمەن,consonant,28.033,28.066,0,3,,,
Gulnisa (R),28.2755,28.3655,t,27.9155,28.4455,ئالماتى,24.7555,31.01598022,مەسىلەن مەن قازاقىستانغا بارغاندىچۇ نەگىلا بارسام ئالماتى شەھىرىدە نەگە بارسام ئۇيغۇرچە گەپ قىلىمەن,consonant,28.233,28.266,1,3,,,
Gulnisa (R),29.0955,29.2755,ɛ,28.9955,29.4055,نەگە,24.7555,31.01598022,مەسىلەن مەن قازاقىستانغا بارغاندىچۇ نەگىلا بارسام ئالماتى شەھىرىدە نەگە بارسام ئۇيغۇرچە گەپ قىلىمەن,consonant,29.166,29.2,,,,,
Gulnisa (R),29.4355,29.5055,a,29.4055,29.84059425,بارسام,24.7555,31.01598022,مەسىلەن مەن قازاقىستانغا بارغاندىچۇ نەگىلا بارسام ئالماتى شەھىرىدە نەگە بارسام ئۇيغۇرچە گەپ قىلىمەن,vowel,29.466,29.5,,,,,
Gulnisa (R),29.63897841,29.75378743,a,29.4055,29.84059425,بارسام,24.7555,31.01598022,مەسىلەن مەن قازاقىستانغا بارغاندىچۇ نەگىلا بارسام ئالماتى شەھىرىدە نەگە بارسام ئۇيغۇرچە گەپ قىلىمەن,vowel,29.666,29.7,,,,,
Gulnisa (R),30.1255,30.2555,u,30.1255,30.4955,ئۇيغۇرچە,24.7555,31.01598022,مەسىلەن مەن قازاقىستانغا بارغاندىچۇ نەگىلا بارسام ئالماتى شەھىرىدە نەگە بارسام ئۇيغۇرچە گەپ قىلىمەن,vowel,30.166,30.2,0,3,,,
Gulnisa (R),30.4555,30.4955,ɛ,30.1255,30.4955,ئۇيغۇرچە,24.7555,31.01598022,مەسىلەن مەن قازاقىستانغا بارغاندىچۇ نەگىلا بارسام ئالماتى شەھىرىدە نەگە بارسام ئۇيغۇرچە گەپ قىلىمەن,consonant,30.433,30.466,1,3,,,
Gulnisa (R),34.2257,34.2557,h,34.2257,34.46576073,ھەيران,33.94313877,34.225961,laughter,consonant,33.166,33.2,0,2,,,
Gulnisa (R),34.2257,34.2557,h,34.2257,34.46576073,ھەيران,33.94313877,34.225961,laughter,consonant,33.566,33.6,0,2,,,
Gulnisa (R),39.5457,39.7257,z,39.4657,39.7257,بىز,34.225961,42.15009689,ھەيران قالىتى قارشى تەرەپ ھە قازاق تىلىنى بىلسە قاچاقچە بىلسە ئاندىن بىز ھېلىقى ھىم ھىم پىكىر ئالماشتۇرالايمىز,consonant,39.633,39.666,1,1,,,
Gulnisa (R),40.04069279,40.1557,m,40.04069279,40.1557,ھىم,34.225961,42.15009689,ھەيران قالىتى قارشى تەرەپ ھە قازاق تىلىنى بىلسە قاچاقچە بىلسە ئاندىن بىز ھېلىقى ھىم ھىم پىكىر ئالماشتۇرالايمىز,consonant,40.033,40.066,1,1,,,
Gulnisa (R),40.6257,40.6757,k,40.4757,40.8057,پىكىر,34.225961,42.15009689,ھەيران قالىتى قارشى تەرەپ ھە قازاق تىلىنى بىلسە قاچاقچە بىلسە ئاندىن بىز ھېلىقى ھىم ھىم پىكىر ئالماشتۇرالايمىز,consonant,40.633,40.666,1,2,,,
Gulnisa (R),40.9557,41.0157,m,40.8057,42.15009689,ئالماشتۇرالايمىز,34.225961,42.15009689,ھەيران قالىتى قارشى تەرەپ ھە قازاق تىلىنى بىلسە قاچاقچە بىلسە ئاندىن بىز ھېلىقى ھىم ھىم پىكىر ئالماشتۇرالايمىز,consonant,40.966,41,0,6,,,
Gulnisa (R),41.1757,41.2557,t,40.8057,42.15009689,ئالماشتۇرالايمىز,34.225961,42.15009689,ھەيران قالىتى قارشى تەرەپ ھە قازاق تىلىنى بىلسە قاچاقچە بىلسە ئاندىن بىز ھېلىقى ھىم ھىم پىكىر ئالماشتۇرالايمىز,consonant,41.166,41.2,0,6,,,
Gulnisa (R),44.5704,44.6804,ʃ,44.4704,45.2704,چۈشىنەلەيمەن,44.1704,48.483,ھەئە مەنمۇ چۈشىنەلەيمەن ئالانىڭ تىلىنى ئۇلارنىڭ تىلىنى چۈشىنەلەيمەن,consonant,44.566,44.6,0,5,,,
Gulnisa (R),44.8204,44.9204,l,44.4704,45.2704,چۈشىنەلەيمەن,44.1704,48.483,ھەئە مەنمۇ چۈشىنەلەيمەن ئالانىڭ تىلىنى ئۇلارنىڭ تىلىنى چۈشىنەلەيمەن,consonant,44.8,44.833,0,5,,,
Gulnisa (R),47.2604,47.3104,t,47.2604,47.6704,تىلىنى,44.1704,48.483,ھەئە مەنمۇ چۈشىنەلەيمەن ئالانىڭ تىلىنى ئۇلارنىڭ تىلىنى چۈشىنەلەيمەن,consonant,47.233,47.266,0,2,,,
Gulnisa (R),47.7604,47.8104,y,47.6704,48.48265587,چۈشىنەلەيمەن,44.1704,48.483,ھەئە مەنمۇ چۈشىنەلەيمەن ئالانىڭ تىلىنى ئۇلارنىڭ تىلىنى چۈشىنەلەيمەن,vowel,47.766,47.8,0,5,,,
Gulnisa (R),56.5405,56.63593392,m,56.0805,56.7405,ئۈرۈمچىدىمۇ,53.09433343,58.561,ئوۋ ئەلۋەتتە ماڭىمىغۇ ئاشۇ ئۈرۈمچىدىمۇ شۇ رۇسچە سۆزلەيدۇ,consonant,56.533,56.566,1,5,,,
Gulnisa (R),67.39794281,75.1135,,67.39794281,75.1135,,66.1656857,67.39914234,ھەئە ھەيران قالغان,consonant,67.733,67.766,,,,,
Gulnisa (R),95.3596,95.4596,i,95.3296,95.8296,بىزگىمۇ,95.3296,99.36935963,بىزگىمۇ بىزگىمۇ تەس بىلىنىدۇ مەسىلەن ماڭىمۇ تەس بىلىنەتتى باشتا,vowel,95.4,95.433,,,,,
Gulnisa (R),96.1296,96.1696,b,96.1296,96.5496,بىزگىمۇ,95.3296,99.36935963,بىزگىمۇ بىزگىمۇ تەس بىلىنىدۇ مەسىلەن ماڭىمۇ تەس بىلىنەتتى باشتا,consonant,96,96.033,0,3,,,
Gulnisa (R),96.2296,96.3496,z,96.1296,96.5496,بىزگىمۇ,95.3296,99.36935963,بىزگىمۇ بىزگىمۇ تەس بىلىنىدۇ مەسىلەن ماڭىمۇ تەس بىلىنەتتى باشتا,consonant,96.266,96.3,0,3,,,
Gulnisa (R),96.5496,96.6296,t,96.5496,96.8696,تەس,95.3296,99.36935963,بىزگىمۇ بىزگىمۇ تەس بىلىنىدۇ مەسىلەن ماڭىمۇ تەس بىلىنەتتى باشتا,consonant,96.566,96.6,1,1,,,
Gulnisa (R),96.9296,97.0496,l,96.8696,97.3896,بىلىنىدۇ,95.3296,99.36935963,بىزگىمۇ بىزگىمۇ تەس بىلىنىدۇ مەسىلەن ماڭىمۇ تەس بىلىنەتتى باشتا,consonant,96.966,97,0,4,,,
Gulnisa (R),97.3296,97.3596,d,96.8696,97.3896,بىلىنىدۇ,95.3296,99.36935963,بىزگىمۇ بىزگىمۇ تەس بىلىنىدۇ مەسىلەن ماڭىمۇ تەس بىلىنەتتى باشتا,consonant,97.333,97.366,1,4,,,
Gulnisa (R),97.5096,97.5396,l,97.3896,97.7096,مەسىلەن,95.3296,99.36935963,بىزگىمۇ بىزگىمۇ تەس بىلىنىدۇ مەسىلەن ماڭىمۇ تەس بىلىنەتتى باشتا,consonant,97.5,97.533,1,3,,,
Gulnisa (R),97.7096,97.7396,m,97.7096,97.9596,ماڭىمۇ,95.3296,99.36935963,بىزگىمۇ بىزگىمۇ تەس بىلىنىدۇ مەسىلەن ماڭىمۇ تەس بىلىنەتتى باشتا,consonant,97.7,97.733,,,,,
Gulnisa (R),114.4925,114.6025,u,113.7525,114.6025,جاھىللىقمۇ,113.7525,117.0531047,جاھىللىقمۇ بەك مۇھىم جاھىللىق چوقۇم مۇھىم,vowel,114.533,114.566,1,4,,,
Gulnisa (R),115.5725,115.6425,l,115.1925,115.8325,جاھىللىق,113.7525,117.0531047,جاھىللىقمۇ بەك مۇھىم جاھىللىق چوقۇم مۇھىم,consonant,115.566,115.6,1,3,,,
Gulnisa (R),115.6925,115.8325,q,115.1925,115.8325,جاھىللىق,113.7525,117.0531047,جاھىللىقمۇ بەك مۇھىم جاھىللىق چوقۇم مۇھىم,consonant,115.7,115.733,1,3,,,
Gulnisa (R),115.9014334,116.0825,t͡ʃ,115.9014334,116.3825,چوقۇم,113.7525,117.0531047,جاھىللىقمۇ بەك مۇھىم جاھىللىق چوقۇم مۇھىم,consonant,115.966,116,0,2,,,
Gulnisa (R),116.1225,116.1525,q,115.9014334,116.3825,چوقۇم,113.7525,117.0531047,جاھىللىقمۇ بەك مۇھىم جاھىللىق چوقۇم مۇھىم,consonant,116.133,116.166,1,2,,,
Gulnisa (R),118.5151,118.6051,q,118.3551,118.7551,چوقۇم,118.3551,120.1426,چوقۇم ئۆگىنىمەن بەل باغلاپ,consonant,118.533,118.566,1,2,,,
Gulnisa (R),118.8951,118.9351,i,118.7551,119.2151,ئۆگىنىمەن,118.3551,120.1426,چوقۇم ئۆگىنىمەن بەل باغلاپ,vowel,118.9,118.933,0,4,,,
Gulnisa (R),119.6051,119.7651,ʁ,119.4751,120.1426,باغلاپ,118.3551,120.1426,چوقۇم ئۆگىنىمەن بەل باغلاپ,consonant,119.666,119.7,0,2,,,
Gulnisa (R),120.1426,124.341648,,120.1426,124.341648,,120.1426,120.3037307,,consonant,120.533,120.566,,,,,
Gulnisa (R),120.1426,124.341648,,120.1426,124.341648,,120.1426,120.3037307,,consonant,120.833,120.866,,,,,
Gulnisa (R),120.1426,124.341648,,120.1426,124.341648,,120.1426,120.3037307,,consonant,121,121.033,,,,,
Gulnisa (R),120.1426,124.341648,,120.1426,124.341648,,120.1426,120.3037307,,consonant,121.366,121.4,,,,,
Gulnisa (R),124.341648,124.6167,o,124.341648,124.9767,ئوقۇتقۇچى,124.341648,128.2694,ئوقۇتقۇچى زالىم بولسا ئوقۇغۇچى ئالىم بولار,vowel,123.2,123.233,0,4,,,
Gulnisa (R),124.6567,124.6867,u,124.341648,124.9767,ئوقۇتقۇچى,124.341648,128.2694,ئوقۇتقۇچى زالىم بولسا ئوقۇغۇچى ئالىم بولار,vowel,124.666,124.7,,,,,
Gulnisa (R),243.6392,243.7492,u,243.5192,243.7492,ئاشۇ,243.51726,246.5611147,ئاشۇ مېنىڭ ئۇيغۇرلارغا دەيدىغىنىم شۇ ئوخشاش,vowel,243.6,243.633,1,2,,,
Gulnisa (R),244.0492,244.1792,u,244.0492,244.9992,ئۇيغۇرلارغا,243.51726,246.5611147,ئاشۇ مېنىڭ ئۇيغۇرلارغا دەيدىغىنىم شۇ ئوخشاش,vowel,244.1,244.133,0,4,,,
Gulnisa (R),244.6692,244.9992,a,244.0492,244.9992,ئۇيغۇرلارغا,243.51726,246.5611147,ئاشۇ مېنىڭ ئۇيغۇرلارغا دەيدىغىنىم شۇ ئوخشاش,vowel,244.833,244.866,,,,,
Gulnisa (R),245.0892,245.1792,j,244.9992,245.7092,دەيدىغىنىم,243.51726,246.5611147,ئاشۇ مېنىڭ ئۇيغۇرلارغا دەيدىغىنىم شۇ ئوخشاش,consonant,245.133,245.166,0,4,,,
Gulnisa (R),245.9192,246.0292,o,245.9192,246.5592,ئوخشاش,243.51726,246.5611147,ئاشۇ مېنىڭ ئۇيغۇرلارغا دەيدىغىنىم شۇ ئوخشاش,vowel,245.966,246,0,2,,,
Gulnisa (R),248.6794931,248.8355494,a,248.289265,249.3037822,ئۇنۇتماڭلار,246.8957,255.5161517,شۇ ئۇيغۇر تىلىنى ئۇنۇتماڭلار ئا بالىلىرىڭلارغا ئۆگىتىپ قويۇڭلار ئاندىن ھېلىقى ئاتالمىش چەتئەللىكلەرگە شۇ,vowel,248.666,248.7,,,,,
Gulnisa (R),249.5527843,249.6063692,b,249.5527843,250.4968476,بالىلىرىڭلارغا,246.8957,255.5161517,شۇ ئۇيغۇر تىلىنى ئۇنۇتماڭلار ئا بالىلىرىڭلارغا ئۆگىتىپ قويۇڭلار ئاندىن ھېلىقى ئاتالمىش چەتئەللىكلەرگە شۇ,consonant,249.466,249.5,0,6,,,
Gulnisa (R),250.7605676,250.820827,i,250.4968476,250.9314539,ئۆگىتىپ,246.8957,255.5161517,شۇ ئۇيغۇر تىلىنى ئۇنۇتماڭلار ئا بالىلىرىڭلارغا ئۆگىتىپ قويۇڭلار ئاندىن ھېلىقى ئاتالمىش چەتئەللىكلەرگە شۇ,vowel,250.733,250.766,,,,,
Gulnisa (R),254.235939,254.3303454,t͡ʃ,254.235939,255.2565729,چەتئەللىكلەرگە,246.8957,255.5161517,شۇ ئۇيغۇر تىلىنى ئۇنۇتماڭلار ئا بالىلىرىڭلارغا ئۆگىتىپ قويۇڭلار ئاندىن ھېلىقى ئاتالمىش چەتئەللىكلەرگە شۇ,consonant,254.166,254.2,0,5,,,
Gulnisa (R),254.4524552,254.5050842,t,254.235939,255.2565729,چەتئەللىكلەرگە,246.8957,255.5161517,شۇ ئۇيغۇر تىلىنى ئۇنۇتماڭلار ئا بالىلىرىڭلارغا ئۆگىتىپ قويۇڭلار ئاندىن ھېلىقى ئاتالمىش چەتئەللىكلەرگە شۇ,consonant,254.466,254.5,0,5,,,
Gulnisa (R),254.7459394,254.8047601,i,254.235939,255.2565729,چەتئەللىكلەرگە,246.8957,255.5161517,شۇ ئۇيغۇر تىلىنى ئۇنۇتماڭلار ئا بالىلىرىڭلارغا ئۆگىتىپ قويۇڭلار ئاندىن ھېلىقى ئاتالمىش چەتئەللىكلەرگە شۇ,vowel,254.766,254.8,0,5,,,
Gulnisa (R),254.9493963,255.0051211,l,254.235939,255.2565729,چەتئەللىكلەرگە,246.8957,255.5161517,شۇ ئۇيغۇر تىلىنى ئۇنۇتماڭلار ئا بالىلىرىڭلارغا ئۆگىتىپ قويۇڭلار ئاندىن ھېلىقى ئاتالمىش چەتئەللىكلەرگە شۇ,consonant,254.966,255,0,5,,,
